Document ID,Sentence ID,Document,S,V,O/A,NEGATION,LOCATION,PERSON,TIME,TIME_STAMP,Sentence
1,1,C:/Users/rfranzo/Desktop/December 05 1916.txt,duty,laid,,False,,,present,PRESENT_REF,"Gentlemen of the Congress: In fulfilling at this time the duty laid upon me by the Constitution of communicating to you from time to time information of the state of the Union and recommending to your consideration such legislative measures as may be judged necessary and expedient, I shall continue the practice, which I hope has been acceptable to you, of leaving to the reports of the several heads of the executive departments the elaboration of the detailed needs of the public service and confine myself to those matters of more general public policy with which it seems necessary and feasible to deal at the present session of the Congress."
1,1,C:/Users/rfranzo/Desktop/December 05 1916.txt,duty,recommending,measures,False,,,present,PRESENT_REF,"Gentlemen of the Congress: In fulfilling at this time the duty laid upon me by the Constitution of communicating to you from time to time information of the state of the Union and recommending to your consideration such legislative measures as may be judged necessary and expedient, I shall continue the practice, which I hope has been acceptable to you, of leaving to the reports of the several heads of the executive departments the elaboration of the detailed needs of the public service and confine myself to those matters of more general public policy with which it seems necessary and feasible to deal at the present session of the Congress."
1,1,C:/Users/rfranzo/Desktop/December 05 1916.txt,I,continue,practice,False,,,present,PRESENT_REF,"Gentlemen of the Congress: In fulfilling at this time the duty laid upon me by the Constitution of communicating to you from time to time information of the state of the Union and recommending to your consideration such legislative measures as may be judged necessary and expedient, I shall continue the practice, which I hope has been acceptable to you, of leaving to the reports of the several heads of the executive departments the elaboration of the detailed needs of the public service and confine myself to those matters of more general public policy with which it seems necessary and feasible to deal at the present session of the Congress."
1,1,C:/Users/rfranzo/Desktop/December 05 1916.txt,I,hope,practice,False,,,present,PRESENT_REF,"Gentlemen of the Congress: In fulfilling at this time the duty laid upon me by the Constitution of communicating to you from time to time information of the state of the Union and recommending to your consideration such legislative measures as may be judged necessary and expedient, I shall continue the practice, which I hope has been acceptable to you, of leaving to the reports of the several heads of the executive departments the elaboration of the detailed needs of the public service and confine myself to those matters of more general public policy with which it seems necessary and feasible to deal at the present session of the Congress."
1,1,C:/Users/rfranzo/Desktop/December 05 1916.txt,Someone?,leaving to,reports,False,,,present,PRESENT_REF,"Gentlemen of the Congress: In fulfilling at this time the duty laid upon me by the Constitution of communicating to you from time to time information of the state of the Union and recommending to your consideration such legislative measures as may be judged necessary and expedient, I shall continue the practice, which I hope has been acceptable to you, of leaving to the reports of the several heads of the executive departments the elaboration of the detailed needs of the public service and confine myself to those matters of more general public policy with which it seems necessary and feasible to deal at the present session of the Congress."
1,1,C:/Users/rfranzo/Desktop/December 05 1916.txt,Someone?,confine,myself,False,,,present,PRESENT_REF,"Gentlemen of the Congress: In fulfilling at this time the duty laid upon me by the Constitution of communicating to you from time to time information of the state of the Union and recommending to your consideration such legislative measures as may be judged necessary and expedient, I shall continue the practice, which I hope has been acceptable to you, of leaving to the reports of the several heads of the executive departments the elaboration of the detailed needs of the public service and confine myself to those matters of more general public policy with which it seems necessary and feasible to deal at the present session of the Congress."
1,1,C:/Users/rfranzo/Desktop/December 05 1916.txt,it,seems with,policy,False,,,present,PRESENT_REF,"Gentlemen of the Congress: In fulfilling at this time the duty laid upon me by the Constitution of communicating to you from time to time information of the state of the Union and recommending to your consideration such legislative measures as may be judged necessary and expedient, I shall continue the practice, which I hope has been acceptable to you, of leaving to the reports of the several heads of the executive departments the elaboration of the detailed needs of the public service and confine myself to those matters of more general public policy with which it seems necessary and feasible to deal at the present session of the Congress."
1,1,C:/Users/rfranzo/Desktop/December 05 1916.txt,feasible,deal at,session,False,,,present,PRESENT_REF,"Gentlemen of the Congress: In fulfilling at this time the duty laid upon me by the Constitution of communicating to you from time to time information of the state of the Union and recommending to your consideration such legislative measures as may be judged necessary and expedient, I shall continue the practice, which I hope has been acceptable to you, of leaving to the reports of the several heads of the executive departments the elaboration of the detailed needs of the public service and confine myself to those matters of more general public policy with which it seems necessary and feasible to deal at the present session of the Congress."
1,2,C:/Users/rfranzo/Desktop/December 05 1916.txt,I,realize,limitations,False,,,now once,PRESENT_REF PAST_REF,I realize the limitations of time under which you will necessarily act at this session and shall make my suggestions as few as possible; but there were some things left undone at the last session which there will now be time to complete and which it seems necessary in the interest of the public to do at once.
1,2,C:/Users/rfranzo/Desktop/December 05 1916.txt,you,act,,False,,,now once,PRESENT_REF PAST_REF,I realize the limitations of time under which you will necessarily act at this session and shall make my suggestions as few as possible; but there were some things left undone at the last session which there will now be time to complete and which it seems necessary in the interest of the public to do at once.
1,2,C:/Users/rfranzo/Desktop/December 05 1916.txt,you,make,suggestions,False,,,now once,PRESENT_REF PAST_REF,I realize the limitations of time under which you will necessarily act at this session and shall make my suggestions as few as possible; but there were some things left undone at the last session which there will now be time to complete and which it seems necessary in the interest of the public to do at once.
1,2,C:/Users/rfranzo/Desktop/December 05 1916.txt,Someone?,undone,things,False,,,now once,PRESENT_REF PAST_REF,I realize the limitations of time under which you will necessarily act at this session and shall make my suggestions as few as possible; but there were some things left undone at the last session which there will now be time to complete and which it seems necessary in the interest of the public to do at once.
1,2,C:/Users/rfranzo/Desktop/December 05 1916.txt,it,seems,which,False,,,now once,PRESENT_REF PAST_REF,I realize the limitations of time under which you will necessarily act at this session and shall make my suggestions as few as possible; but there were some things left undone at the last session which there will now be time to complete and which it seems necessary in the interest of the public to do at once.
1,3,C:/Users/rfranzo/Desktop/December 05 1916.txt,it,seems,,False,,,,,"In the first place, it seems to me imperatively necessary that the earliest possible consideration and action should be accorded the remaining measures of the program of settlement and regulation which I had occasion to recommend to you at the close of your last session in view of the public dangers disclosed by the unaccommodated difficulties which then existed, and which still unhappily continue to exist, between the railroads of the country and their locomotive engineers, conductors and trainmen."
1,3,C:/Users/rfranzo/Desktop/December 05 1916.txt,Someone?,accorded,consideration and action,False,,,,,"In the first place, it seems to me imperatively necessary that the earliest possible consideration and action should be accorded the remaining measures of the program of settlement and regulation which I had occasion to recommend to you at the close of your last session in view of the public dangers disclosed by the unaccommodated difficulties which then existed, and which still unhappily continue to exist, between the railroads of the country and their locomotive engineers, conductors and trainmen."
1,3,C:/Users/rfranzo/Desktop/December 05 1916.txt,I,had,program,False,,,,,"In the first place, it seems to me imperatively necessary that the earliest possible consideration and action should be accorded the remaining measures of the program of settlement and regulation which I had occasion to recommend to you at the close of your last session in view of the public dangers disclosed by the unaccommodated difficulties which then existed, and which still unhappily continue to exist, between the railroads of the country and their locomotive engineers, conductors and trainmen."
1,3,C:/Users/rfranzo/Desktop/December 05 1916.txt,dangers,disclosed by,difficulties,False,,,,,"In the first place, it seems to me imperatively necessary that the earliest possible consideration and action should be accorded the remaining measures of the program of settlement and regulation which I had occasion to recommend to you at the close of your last session in view of the public dangers disclosed by the unaccommodated difficulties which then existed, and which still unhappily continue to exist, between the railroads of the country and their locomotive engineers, conductors and trainmen."
1,3,C:/Users/rfranzo/Desktop/December 05 1916.txt,difficulties,existed,,False,,,,,"In the first place, it seems to me imperatively necessary that the earliest possible consideration and action should be accorded the remaining measures of the program of settlement and regulation which I had occasion to recommend to you at the close of your last session in view of the public dangers disclosed by the unaccommodated difficulties which then existed, and which still unhappily continue to exist, between the railroads of the country and their locomotive engineers, conductors and trainmen."
1,3,C:/Users/rfranzo/Desktop/December 05 1916.txt,which,continue,,False,,,,,"In the first place, it seems to me imperatively necessary that the earliest possible consideration and action should be accorded the remaining measures of the program of settlement and regulation which I had occasion to recommend to you at the close of your last session in view of the public dangers disclosed by the unaccommodated difficulties which then existed, and which still unhappily continue to exist, between the railroads of the country and their locomotive engineers, conductors and trainmen."
1,3,C:/Users/rfranzo/Desktop/December 05 1916.txt,Someone?,exist between,railroads,False,,,,,"In the first place, it seems to me imperatively necessary that the earliest possible consideration and action should be accorded the remaining measures of the program of settlement and regulation which I had occasion to recommend to you at the close of your last session in view of the public dangers disclosed by the unaccommodated difficulties which then existed, and which still unhappily continue to exist, between the railroads of the country and their locomotive engineers, conductors and trainmen."
1,4,C:/Users/rfranzo/Desktop/December 05 1916.txt,I,recommended,,False,,,recently now now present,PAST_REF PRESENT_REF PRESENT_REF PRESENT_REF,"I then recommended: First, immediate provision for the enlargement and administrative reorganization of the Interstate Commerce Commission along the lines embodied in the bill recently passed by the House of Representatives and now awaiting action by the Senate; in order that the Commission may be enabled to deal with the many great and various duties now devolving upon it with a promptness and thoroughness which are, with its present constitution and means of action, practically impossible."
1,4,C:/Users/rfranzo/Desktop/December 05 1916.txt,lines,embodied in,bill,False,,,recently now now present,PAST_REF PRESENT_REF PRESENT_REF PRESENT_REF,"I then recommended: First, immediate provision for the enlargement and administrative reorganization of the Interstate Commerce Commission along the lines embodied in the bill recently passed by the House of Representatives and now awaiting action by the Senate; in order that the Commission may be enabled to deal with the many great and various duties now devolving upon it with a promptness and thoroughness which are, with its present constitution and means of action, practically impossible."
1,4,C:/Users/rfranzo/Desktop/December 05 1916.txt,Someone?,passed by,House,False,,,recently now now present,PAST_REF PRESENT_REF PRESENT_REF PRESENT_REF,"I then recommended: First, immediate provision for the enlargement and administrative reorganization of the Interstate Commerce Commission along the lines embodied in the bill recently passed by the House of Representatives and now awaiting action by the Senate; in order that the Commission may be enabled to deal with the many great and various duties now devolving upon it with a promptness and thoroughness which are, with its present constitution and means of action, practically impossible."
1,4,C:/Users/rfranzo/Desktop/December 05 1916.txt,Someone?,awaiting,action,True,,,recently now now present,PAST_REF PRESENT_REF PRESENT_REF PRESENT_REF,"I then recommended: First, immediate provision for the enlargement and administrative reorganization of the Interstate Commerce Commission along the lines embodied in the bill recently passed by the House of Representatives and now awaiting action by the Senate; in order that the Commission may be enabled to deal with the many great and various duties now devolving upon it with a promptness and thoroughness which are, with its present constitution and means of action, practically impossible."
1,4,C:/Users/rfranzo/Desktop/December 05 1916.txt,Someone?,enabled,Commission,False,,,recently now now present,PAST_REF PRESENT_REF PRESENT_REF PRESENT_REF,"I then recommended: First, immediate provision for the enlargement and administrative reorganization of the Interstate Commerce Commission along the lines embodied in the bill recently passed by the House of Representatives and now awaiting action by the Senate; in order that the Commission may be enabled to deal with the many great and various duties now devolving upon it with a promptness and thoroughness which are, with its present constitution and means of action, practically impossible."
1,4,C:/Users/rfranzo/Desktop/December 05 1916.txt,Someone?,deal with,duties,True,,,recently now now present,PAST_REF PRESENT_REF PRESENT_REF PRESENT_REF,"I then recommended: First, immediate provision for the enlargement and administrative reorganization of the Interstate Commerce Commission along the lines embodied in the bill recently passed by the House of Representatives and now awaiting action by the Senate; in order that the Commission may be enabled to deal with the many great and various duties now devolving upon it with a promptness and thoroughness which are, with its present constitution and means of action, practically impossible."
1,5,C:/Users/rfranzo/Desktop/December 05 1916.txt,employes,engaged,employes,False,,,,,"Second, the establishment of an eight- hour day as the legal basis alike of work and wages in the employment of all railway employes who are actually engaged in the work of operating trains in interstate transportation."
1,6,C:/Users/rfranzo/Desktop/December 05 1916.txt,authorization,observe,results,False,,,,,"Third, the authorization of the appointment by the President of a small body of men to observe actual results in experience of the adoption of the eight- hour day in railway transportation alike for the men and for the railroads."
1,7,C:/Users/rfranzo/Desktop/December 05 1916.txt,approval,meet,expenditures,False,,,,,"Fourth, explicit approval by the Congress of the consideration by the Interstate Commerce Commission of an increase of freight rates to meet such additional expenditures by the railroads as may have been rendered necessary by the adoption of the eight- hour day and which have not been offset by administrative readjustments and economies, should the facts disclosed justify the increase."
1,7,C:/Users/rfranzo/Desktop/December 05 1916.txt,adoption and offset,rendered,approval,True,,,,,"Fourth, explicit approval by the Congress of the consideration by the Interstate Commerce Commission of an increase of freight rates to meet such additional expenditures by the railroads as may have been rendered necessary by the adoption of the eight- hour day and which have not been offset by administrative readjustments and economies, should the facts disclosed justify the increase."
1,7,C:/Users/rfranzo/Desktop/December 05 1916.txt,readjustments and economies,offset,which,True,,,,,"Fourth, explicit approval by the Congress of the consideration by the Interstate Commerce Commission of an increase of freight rates to meet such additional expenditures by the railroads as may have been rendered necessary by the adoption of the eight- hour day and which have not been offset by administrative readjustments and economies, should the facts disclosed justify the increase."
1,7,C:/Users/rfranzo/Desktop/December 05 1916.txt,facts,disclosed,,False,,,,,"Fourth, explicit approval by the Congress of the consideration by the Interstate Commerce Commission of an increase of freight rates to meet such additional expenditures by the railroads as may have been rendered necessary by the adoption of the eight- hour day and which have not been offset by administrative readjustments and economies, should the facts disclosed justify the increase."
1,7,C:/Users/rfranzo/Desktop/December 05 1916.txt,Someone?,justify,increase,False,,,,,"Fourth, explicit approval by the Congress of the consideration by the Interstate Commerce Commission of an increase of freight rates to meet such additional expenditures by the railroads as may have been rendered necessary by the adoption of the eight- hour day and which have not been offset by administrative readjustments and economies, should the facts disclosed justify the increase."
1,8,C:/Users/rfranzo/Desktop/December 05 1916.txt,statute,provides,,False,,,present now,PRESENT_REF PRESENT_REF,"Fifth, an amendment of the existing Federal statute which provides for the mediation, conciliation and arbitration of such controversies as the present by adding to it a provision that, in case the methods of accommodation now provided for should fail, a full public investigation of the merits of every such dispute shall be instituted and completed before a strike or lockout may lawfully be attempted."
1,8,C:/Users/rfranzo/Desktop/December 05 1916.txt,Someone?,adding to,it,False,,,present now,PRESENT_REF PRESENT_REF,"Fifth, an amendment of the existing Federal statute which provides for the mediation, conciliation and arbitration of such controversies as the present by adding to it a provision that, in case the methods of accommodation now provided for should fail, a full public investigation of the merits of every such dispute shall be instituted and completed before a strike or lockout may lawfully be attempted."
1,8,C:/Users/rfranzo/Desktop/December 05 1916.txt,methods,provided,provision,True,,,present now,PRESENT_REF PRESENT_REF,"Fifth, an amendment of the existing Federal statute which provides for the mediation, conciliation and arbitration of such controversies as the present by adding to it a provision that, in case the methods of accommodation now provided for should fail, a full public investigation of the merits of every such dispute shall be instituted and completed before a strike or lockout may lawfully be attempted."
1,8,C:/Users/rfranzo/Desktop/December 05 1916.txt,Someone?,instituted,investigation,False,,,present now,PRESENT_REF PRESENT_REF,"Fifth, an amendment of the existing Federal statute which provides for the mediation, conciliation and arbitration of such controversies as the present by adding to it a provision that, in case the methods of accommodation now provided for should fail, a full public investigation of the merits of every such dispute shall be instituted and completed before a strike or lockout may lawfully be attempted."
1,8,C:/Users/rfranzo/Desktop/December 05 1916.txt,Someone?,completed,investigation,False,,,present now,PRESENT_REF PRESENT_REF,"Fifth, an amendment of the existing Federal statute which provides for the mediation, conciliation and arbitration of such controversies as the present by adding to it a provision that, in case the methods of accommodation now provided for should fail, a full public investigation of the merits of every such dispute shall be instituted and completed before a strike or lockout may lawfully be attempted."
1,8,C:/Users/rfranzo/Desktop/December 05 1916.txt,Someone?,attempted,provision,False,,,present now,PRESENT_REF PRESENT_REF,"Fifth, an amendment of the existing Federal statute which provides for the mediation, conciliation and arbitration of such controversies as the present by adding to it a provision that, in case the methods of accommodation now provided for should fail, a full public investigation of the merits of every such dispute shall be instituted and completed before a strike or lockout may lawfully be attempted."
1,9,C:/Users/rfranzo/Desktop/December 05 1916.txt,lodgment,take,control,False,United States,,,,"And, sixth, the lodgment in the hands of the Executive of the power, in case of military necessity, to take control of such portions and such rolling stock of the railways of the country as may be required for military use and to operate them for military purposes, with authority to draft into the military service of the United States such train crews and administrative officials as the circumstances require for their safe and efficient use."
1,9,C:/Users/rfranzo/Desktop/December 05 1916.txt,lodgment,required for,use,False,United States,,,,"And, sixth, the lodgment in the hands of the Executive of the power, in case of military necessity, to take control of such portions and such rolling stock of the railways of the country as may be required for military use and to operate them for military purposes, with authority to draft into the military service of the United States such train crews and administrative officials as the circumstances require for their safe and efficient use."
1,9,C:/Users/rfranzo/Desktop/December 05 1916.txt,lodgment,operate,them,False,United States,,,,"And, sixth, the lodgment in the hands of the Executive of the power, in case of military necessity, to take control of such portions and such rolling stock of the railways of the country as may be required for military use and to operate them for military purposes, with authority to draft into the military service of the United States such train crews and administrative officials as the circumstances require for their safe and efficient use."
1,9,C:/Users/rfranzo/Desktop/December 05 1916.txt,authority,draft into,service,False,United States,,,,"And, sixth, the lodgment in the hands of the Executive of the power, in case of military necessity, to take control of such portions and such rolling stock of the railways of the country as may be required for military use and to operate them for military purposes, with authority to draft into the military service of the United States such train crews and administrative officials as the circumstances require for their safe and efficient use."
1,9,C:/Users/rfranzo/Desktop/December 05 1916.txt,Someone?,operate,them,False,United States,,,,"And, sixth, the lodgment in the hands of the Executive of the power, in case of military necessity, to take control of such portions and such rolling stock of the railways of the country as may be required for military use and to operate them for military purposes, with authority to draft into the military service of the United States such train crews and administrative officials as the circumstances require for their safe and efficient use."
1,9,C:/Users/rfranzo/Desktop/December 05 1916.txt,circumstances,require for,use,False,United States,,,,"And, sixth, the lodgment in the hands of the Executive of the power, in case of military necessity, to take control of such portions and such rolling stock of the railways of the country as may be required for military use and to operate them for military purposes, with authority to draft into the military service of the United States such train crews and administrative officials as the circumstances require for their safe and efficient use."
1,10,C:/Users/rfranzo/Desktop/December 05 1916.txt,Congress,acted on,,False,,,,,"The second and third of these recommendations the Congress immediately acted on: it established the eight- hour day as the legal basis of work and wages in train service and it authorized the appointment of a commission to observe and report upon the practical results, deeming these the measures most immediately needed; but it postponed action upon the other suggestions until an opportunity should be offered for a more deliberate consideration of them."
1,10,C:/Users/rfranzo/Desktop/December 05 1916.txt,it,established as,basis,False,,,,,"The second and third of these recommendations the Congress immediately acted on: it established the eight- hour day as the legal basis of work and wages in train service and it authorized the appointment of a commission to observe and report upon the practical results, deeming these the measures most immediately needed; but it postponed action upon the other suggestions until an opportunity should be offered for a more deliberate consideration of them."
1,10,C:/Users/rfranzo/Desktop/December 05 1916.txt,it,authorized,appointment,False,,,,,"The second and third of these recommendations the Congress immediately acted on: it established the eight- hour day as the legal basis of work and wages in train service and it authorized the appointment of a commission to observe and report upon the practical results, deeming these the measures most immediately needed; but it postponed action upon the other suggestions until an opportunity should be offered for a more deliberate consideration of them."
1,10,C:/Users/rfranzo/Desktop/December 05 1916.txt,it,postponed,action,False,,,,,"The second and third of these recommendations the Congress immediately acted on: it established the eight- hour day as the legal basis of work and wages in train service and it authorized the appointment of a commission to observe and report upon the practical results, deeming these the measures most immediately needed; but it postponed action upon the other suggestions until an opportunity should be offered for a more deliberate consideration of them."
1,10,C:/Users/rfranzo/Desktop/December 05 1916.txt,it,offered,opportunity,False,,,,,"The second and third of these recommendations the Congress immediately acted on: it established the eight- hour day as the legal basis of work and wages in train service and it authorized the appointment of a commission to observe and report upon the practical results, deeming these the measures most immediately needed; but it postponed action upon the other suggestions until an opportunity should be offered for a more deliberate consideration of them."
1,10,C:/Users/rfranzo/Desktop/December 05 1916.txt,Someone?,observe upon,results,False,,,,,"The second and third of these recommendations the Congress immediately acted on: it established the eight- hour day as the legal basis of work and wages in train service and it authorized the appointment of a commission to observe and report upon the practical results, deeming these the measures most immediately needed; but it postponed action upon the other suggestions until an opportunity should be offered for a more deliberate consideration of them."
1,10,C:/Users/rfranzo/Desktop/December 05 1916.txt,Someone?,report,results,False,,,,,"The second and third of these recommendations the Congress immediately acted on: it established the eight- hour day as the legal basis of work and wages in train service and it authorized the appointment of a commission to observe and report upon the practical results, deeming these the measures most immediately needed; but it postponed action upon the other suggestions until an opportunity should be offered for a more deliberate consideration of them."
1,10,C:/Users/rfranzo/Desktop/December 05 1916.txt,Someone?,deeming,measures,False,,,,,"The second and third of these recommendations the Congress immediately acted on: it established the eight- hour day as the legal basis of work and wages in train service and it authorized the appointment of a commission to observe and report upon the practical results, deeming these the measures most immediately needed; but it postponed action upon the other suggestions until an opportunity should be offered for a more deliberate consideration of them."
1,11,C:/Users/rfranzo/Desktop/December 05 1916.txt,recommendation,deem,it,True,,,,,The fourth recommendation I do not deem it necessary to renew.
1,12,C:/Users/rfranzo/Desktop/December 05 1916.txt,power,grant,increase,False,,,,,The power of the Interstate Commerce Commission to grant an increase of rates on the ground referred to is indisputably clear and a recommendation by the Congress with regard to such a matter might seem to draw in question the scope of the commission 's authority or its inclination to do justice when there is no reason to doubt either.
1,12,C:/Users/rfranzo/Desktop/December 05 1916.txt,recommendation,seem,,False,,,,,The power of the Interstate Commerce Commission to grant an increase of rates on the ground referred to is indisputably clear and a recommendation by the Congress with regard to such a matter might seem to draw in question the scope of the commission 's authority or its inclination to do justice when there is no reason to doubt either.
1,12,C:/Users/rfranzo/Desktop/December 05 1916.txt,Someone?,draw,scope,False,,,,,The power of the Interstate Commerce Commission to grant an increase of rates on the ground referred to is indisputably clear and a recommendation by the Congress with regard to such a matter might seem to draw in question the scope of the commission 's authority or its inclination to do justice when there is no reason to doubt either.
1,12,C:/Users/rfranzo/Desktop/December 05 1916.txt,Someone?,do,justice,False,,,,,The power of the Interstate Commerce Commission to grant an increase of rates on the ground referred to is indisputably clear and a recommendation by the Congress with regard to such a matter might seem to draw in question the scope of the commission 's authority or its inclination to do justice when there is no reason to doubt either.
1,12,C:/Users/rfranzo/Desktop/December 05 1916.txt,reason,doubt,,True,,,,,The power of the Interstate Commerce Commission to grant an increase of rates on the ground referred to is indisputably clear and a recommendation by the Congress with regard to such a matter might seem to draw in question the scope of the commission 's authority or its inclination to do justice when there is no reason to doubt either.
1,13,C:/Users/rfranzo/Desktop/December 05 1916.txt,Someone?,performing,duties,False,,,now,PRESENT_REF,"The other suggestions- the increase in the Interstate Commerce Commission 's membership and in its facilities for performing its manifold duties; the provision for full public investigation and assessment of industrial disputes, and the grant to the Executive of the power to control and operate the railways when necessary in time of war or other like public necessity- I now very earnestly renew."
1,13,C:/Users/rfranzo/Desktop/December 05 1916.txt,Someone?,control,railways,False,,,now,PRESENT_REF,"The other suggestions- the increase in the Interstate Commerce Commission 's membership and in its facilities for performing its manifold duties; the provision for full public investigation and assessment of industrial disputes, and the grant to the Executive of the power to control and operate the railways when necessary in time of war or other like public necessity- I now very earnestly renew."
1,13,C:/Users/rfranzo/Desktop/December 05 1916.txt,Someone?,operate,railways,False,,,now,PRESENT_REF,"The other suggestions- the increase in the Interstate Commerce Commission 's membership and in its facilities for performing its manifold duties; the provision for full public investigation and assessment of industrial disputes, and the grant to the Executive of the power to control and operate the railways when necessary in time of war or other like public necessity- I now very earnestly renew."
1,13,C:/Users/rfranzo/Desktop/December 05 1916.txt,I,renew,,True,,,now,PRESENT_REF,"The other suggestions- the increase in the Interstate Commerce Commission 's membership and in its facilities for performing its manifold duties; the provision for full public investigation and assessment of industrial disputes, and the grant to the Executive of the power to control and operate the railways when necessary in time of war or other like public necessity- I now very earnestly renew."
1,14,C:/Users/rfranzo/Desktop/December 05 1916.txt,necessity,pressing,,False,,,,,The necessity for such legislation is manifest and pressing.
1,15,C:/Users/rfranzo/Desktop/December 05 1916.txt,Those,entrusted,us,False,,,,,"Those who have entrusted us with the responsibility and duty of serving and safeguarding them in such matters would find it hard, I believe, to excuse a failure to act upon these grave matters or any unnecessary postponement of action upon them."
1,15,C:/Users/rfranzo/Desktop/December 05 1916.txt,Those,safeguarding,them,False,,,,,"Those who have entrusted us with the responsibility and duty of serving and safeguarding them in such matters would find it hard, I believe, to excuse a failure to act upon these grave matters or any unnecessary postponement of action upon them."
1,15,C:/Users/rfranzo/Desktop/December 05 1916.txt,Those,find,it,False,,,,,"Those who have entrusted us with the responsibility and duty of serving and safeguarding them in such matters would find it hard, I believe, to excuse a failure to act upon these grave matters or any unnecessary postponement of action upon them."
1,15,C:/Users/rfranzo/Desktop/December 05 1916.txt,I,believe,,False,,,,,"Those who have entrusted us with the responsibility and duty of serving and safeguarding them in such matters would find it hard, I believe, to excuse a failure to act upon these grave matters or any unnecessary postponement of action upon them."
1,15,C:/Users/rfranzo/Desktop/December 05 1916.txt,Someone?,excuse,failure,False,,,,,"Those who have entrusted us with the responsibility and duty of serving and safeguarding them in such matters would find it hard, I believe, to excuse a failure to act upon these grave matters or any unnecessary postponement of action upon them."
1,15,C:/Users/rfranzo/Desktop/December 05 1916.txt,Someone?,act upon,matters or postponement,False,,,,,"Those who have entrusted us with the responsibility and duty of serving and safeguarding them in such matters would find it hard, I believe, to excuse a failure to act upon these grave matters or any unnecessary postponement of action upon them."
1,16,C:/Users/rfranzo/Desktop/December 05 1916.txt,Commission,find with,membership and organization,True,,,now present,PRESENT_REF PRESENT_REF,"Not only does the Interstate Commerce Commission now find it practically impossible, with its present membership and organization, to perform its great functions promptly and thoroughly, but it is not unlikely that it may presently be found advisable to add to its duties still others equally heavy and exacting."
1,16,C:/Users/rfranzo/Desktop/December 05 1916.txt,Someone?,perform,functions,False,,,now present,PRESENT_REF PRESENT_REF,"Not only does the Interstate Commerce Commission now find it practically impossible, with its present membership and organization, to perform its great functions promptly and thoroughly, but it is not unlikely that it may presently be found advisable to add to its duties still others equally heavy and exacting."
1,16,C:/Users/rfranzo/Desktop/December 05 1916.txt,Someone?,found,it,False,,,now present,PRESENT_REF PRESENT_REF,"Not only does the Interstate Commerce Commission now find it practically impossible, with its present membership and organization, to perform its great functions promptly and thoroughly, but it is not unlikely that it may presently be found advisable to add to its duties still others equally heavy and exacting."
1,16,C:/Users/rfranzo/Desktop/December 05 1916.txt,Someone?,add to,duties,False,,,now present,PRESENT_REF PRESENT_REF,"Not only does the Interstate Commerce Commission now find it practically impossible, with its present membership and organization, to perform its great functions promptly and thoroughly, but it is not unlikely that it may presently be found advisable to add to its duties still others equally heavy and exacting."
1,17,C:/Users/rfranzo/Desktop/December 05 1916.txt,Someone?,perfected,It,False,,,,,It must first be perfected as an administrative instrument.
1,18,C:/Users/rfranzo/Desktop/December 05 1916.txt,country,consent,,True,,,,,The country can not and should not consent to remain any longer exposed to profound industrial disturbances for lack of additional means of arbitration and conciliation which the Congress can easily and promptly supply.
1,18,C:/Users/rfranzo/Desktop/December 05 1916.txt,Someone?,remain for,lack,False,,,,,The country can not and should not consent to remain any longer exposed to profound industrial disturbances for lack of additional means of arbitration and conciliation which the Congress can easily and promptly supply.
1,18,C:/Users/rfranzo/Desktop/December 05 1916.txt,Someone?,exposed to,disturbances,False,,,,,The country can not and should not consent to remain any longer exposed to profound industrial disturbances for lack of additional means of arbitration and conciliation which the Congress can easily and promptly supply.
1,19,C:/Users/rfranzo/Desktop/December 05 1916.txt,all,agree,,False,,,,,And all will agree that there must be no doubt as to the power of the Executive to make immediate and uninterrupted use of the railroads for the concentration of the military forces of the nation wherever they are needed and whenever they are needed.
1,19,C:/Users/rfranzo/Desktop/December 05 1916.txt,Someone?,make,use,False,,,,,And all will agree that there must be no doubt as to the power of the Executive to make immediate and uninterrupted use of the railroads for the concentration of the military forces of the nation wherever they are needed and whenever they are needed.
1,19,C:/Users/rfranzo/Desktop/December 05 1916.txt,Someone?,needed,they,False,,,,,And all will agree that there must be no doubt as to the power of the Executive to make immediate and uninterrupted use of the railroads for the concentration of the military forces of the nation wherever they are needed and whenever they are needed.
1,19,C:/Users/rfranzo/Desktop/December 05 1916.txt,Someone?,needed,they,True,,,,,And all will agree that there must be no doubt as to the power of the Executive to make immediate and uninterrupted use of the railroads for the concentration of the military forces of the nation wherever they are needed and whenever they are needed.
1,19,C:/Users/rfranzo/Desktop/December 05 1916.txt,Someone?,needed,they,True,,,,,And all will agree that there must be no doubt as to the power of the Executive to make immediate and uninterrupted use of the railroads for the concentration of the military forces of the nation wherever they are needed and whenever they are needed.
1,20,C:/Users/rfranzo/Desktop/December 05 1916.txt,program,argues,case,False,,,,,"This is a program of regulation, prevention and administrative efficiency which argues its own case in the mere statement of it."
1,21,C:/Users/rfranzo/Desktop/December 05 1916.txt,increase,acted with,regard,False,,,,,"With regard to one of its items, the increase in the efficiency of the Interstate Commerce Commission, the House of Representatives has already acted; its action needs only the concurrence of the Senate."
1,21,C:/Users/rfranzo/Desktop/December 05 1916.txt,action,needs,concurrence,False,,,,,"With regard to one of its items, the increase in the efficiency of the Interstate Commerce Commission, the House of Representatives has already acted; its action needs only the concurrence of the Senate."
1,22,C:/Users/rfranzo/Desktop/December 05 1916.txt,I,hesitate,,False,,,,,"I would hesitate to recommend, and I dare say the Congress would hesitate to act upon the suggestion should I make it, that any man in any I occupation should be obliged by law to continue in an employment which he desired to leave."
1,22,C:/Users/rfranzo/Desktop/December 05 1916.txt,I,say,,False,,,,,"I would hesitate to recommend, and I dare say the Congress would hesitate to act upon the suggestion should I make it, that any man in any I occupation should be obliged by law to continue in an employment which he desired to leave."
1,22,C:/Users/rfranzo/Desktop/December 05 1916.txt,Congress,hesitate,,False,,,,,"I would hesitate to recommend, and I dare say the Congress would hesitate to act upon the suggestion should I make it, that any man in any I occupation should be obliged by law to continue in an employment which he desired to leave."
1,22,C:/Users/rfranzo/Desktop/December 05 1916.txt,Someone?,act upon,suggestion,False,,,,,"I would hesitate to recommend, and I dare say the Congress would hesitate to act upon the suggestion should I make it, that any man in any I occupation should be obliged by law to continue in an employment which he desired to leave."
1,22,C:/Users/rfranzo/Desktop/December 05 1916.txt,I,make,it,False,,,,,"I would hesitate to recommend, and I dare say the Congress would hesitate to act upon the suggestion should I make it, that any man in any I occupation should be obliged by law to continue in an employment which he desired to leave."
1,22,C:/Users/rfranzo/Desktop/December 05 1916.txt,law,obliged,man,False,,,,,"I would hesitate to recommend, and I dare say the Congress would hesitate to act upon the suggestion should I make it, that any man in any I occupation should be obliged by law to continue in an employment which he desired to leave."
1,22,C:/Users/rfranzo/Desktop/December 05 1916.txt,Someone?,continue in,employment,False,,,,,"I would hesitate to recommend, and I dare say the Congress would hesitate to act upon the suggestion should I make it, that any man in any I occupation should be obliged by law to continue in an employment which he desired to leave."
1,22,C:/Users/rfranzo/Desktop/December 05 1916.txt,he,desired,employment,False,,,,,"I would hesitate to recommend, and I dare say the Congress would hesitate to act upon the suggestion should I make it, that any man in any I occupation should be obliged by law to continue in an employment which he desired to leave."
1,23,C:/Users/rfranzo/Desktop/December 05 1916.txt,Someone?,pass,law,False,,,,,"To pass a law which forbade or prevented the individual workman to leave his work before receiving the approval of society in doing so would be to adopt a new principle into our jurisprudence, which I take it for granted we are not prepared to introduce."
1,23,C:/Users/rfranzo/Desktop/December 05 1916.txt,forbade or prevented,adopt,law,False,,,,,"To pass a law which forbade or prevented the individual workman to leave his work before receiving the approval of society in doing so would be to adopt a new principle into our jurisprudence, which I take it for granted we are not prepared to introduce."
1,23,C:/Users/rfranzo/Desktop/December 05 1916.txt,Someone?,forbade,workman,False,,,,,"To pass a law which forbade or prevented the individual workman to leave his work before receiving the approval of society in doing so would be to adopt a new principle into our jurisprudence, which I take it for granted we are not prepared to introduce."
1,23,C:/Users/rfranzo/Desktop/December 05 1916.txt,Someone?,prevented,workman,False,,,,,"To pass a law which forbade or prevented the individual workman to leave his work before receiving the approval of society in doing so would be to adopt a new principle into our jurisprudence, which I take it for granted we are not prepared to introduce."
1,23,C:/Users/rfranzo/Desktop/December 05 1916.txt,Someone?,leave,work,False,,,,,"To pass a law which forbade or prevented the individual workman to leave his work before receiving the approval of society in doing so would be to adopt a new principle into our jurisprudence, which I take it for granted we are not prepared to introduce."
1,23,C:/Users/rfranzo/Desktop/December 05 1916.txt,Someone?,receiving,approval,False,,,,,"To pass a law which forbade or prevented the individual workman to leave his work before receiving the approval of society in doing so would be to adopt a new principle into our jurisprudence, which I take it for granted we are not prepared to introduce."
1,23,C:/Users/rfranzo/Desktop/December 05 1916.txt,jurisprudence,prepared,we,True,,,,,"To pass a law which forbade or prevented the individual workman to leave his work before receiving the approval of society in doing so would be to adopt a new principle into our jurisprudence, which I take it for granted we are not prepared to introduce."
1,23,C:/Users/rfranzo/Desktop/December 05 1916.txt,I,take,jurisprudence,False,,,,,"To pass a law which forbade or prevented the individual workman to leave his work before receiving the approval of society in doing so would be to adopt a new principle into our jurisprudence, which I take it for granted we are not prepared to introduce."
1,24,C:/Users/rfranzo/Desktop/December 05 1916.txt,action,stopped,operation,True,,,,,"But the proposal that the operation of the railways of the country shall not be stopped or interrupted by the concerted action of organized bodies of men until a public investigation shall have been instituted, which shall make the whole question at issue plain for the judgment of the opinion of the nation, is not to propose any such principle."
1,24,C:/Users/rfranzo/Desktop/December 05 1916.txt,action,instituted,investigation,False,,,,,"But the proposal that the operation of the railways of the country shall not be stopped or interrupted by the concerted action of organized bodies of men until a public investigation shall have been instituted, which shall make the whole question at issue plain for the judgment of the opinion of the nation, is not to propose any such principle."
1,24,C:/Users/rfranzo/Desktop/December 05 1916.txt,action,interrupted,operation,True,,,,,"But the proposal that the operation of the railways of the country shall not be stopped or interrupted by the concerted action of organized bodies of men until a public investigation shall have been instituted, which shall make the whole question at issue plain for the judgment of the opinion of the nation, is not to propose any such principle."
1,24,C:/Users/rfranzo/Desktop/December 05 1916.txt,which,make,question,False,,,,,"But the proposal that the operation of the railways of the country shall not be stopped or interrupted by the concerted action of organized bodies of men until a public investigation shall have been instituted, which shall make the whole question at issue plain for the judgment of the opinion of the nation, is not to propose any such principle."
1,24,C:/Users/rfranzo/Desktop/December 05 1916.txt,Someone?,propose,principle,True,,,,,"But the proposal that the operation of the railways of the country shall not be stopped or interrupted by the concerted action of organized bodies of men until a public investigation shall have been instituted, which shall make the whole question at issue plain for the judgment of the opinion of the nation, is not to propose any such principle."
1,25,C:/Users/rfranzo/Desktop/December 05 1916.txt,Someone?,based,It,False,,,,,"It is based upon the very different principle that the concerted action of powerful bodies of men shall not be permitted to stop the industrial processes of the nation, at any rate before the nation shall have had an opportunity to acquaint itself with the merits of the case as between employe and employer, time to form its opinion upon an impartial statement of the merits, and opportunity to consider all practicable means of conciliation or arbitration."
1,25,C:/Users/rfranzo/Desktop/December 05 1916.txt,Someone?,permitted,action,True,,,,,"It is based upon the very different principle that the concerted action of powerful bodies of men shall not be permitted to stop the industrial processes of the nation, at any rate before the nation shall have had an opportunity to acquaint itself with the merits of the case as between employe and employer, time to form its opinion upon an impartial statement of the merits, and opportunity to consider all practicable means of conciliation or arbitration."
1,25,C:/Users/rfranzo/Desktop/December 05 1916.txt,Someone?,stop,processes,False,,,,,"It is based upon the very different principle that the concerted action of powerful bodies of men shall not be permitted to stop the industrial processes of the nation, at any rate before the nation shall have had an opportunity to acquaint itself with the merits of the case as between employe and employer, time to form its opinion upon an impartial statement of the merits, and opportunity to consider all practicable means of conciliation or arbitration."
1,25,C:/Users/rfranzo/Desktop/December 05 1916.txt,Someone?,had,opportunity,False,,,,,"It is based upon the very different principle that the concerted action of powerful bodies of men shall not be permitted to stop the industrial processes of the nation, at any rate before the nation shall have had an opportunity to acquaint itself with the merits of the case as between employe and employer, time to form its opinion upon an impartial statement of the merits, and opportunity to consider all practicable means of conciliation or arbitration."
1,25,C:/Users/rfranzo/Desktop/December 05 1916.txt,Someone?,acquaint,itself,False,,,,,"It is based upon the very different principle that the concerted action of powerful bodies of men shall not be permitted to stop the industrial processes of the nation, at any rate before the nation shall have had an opportunity to acquaint itself with the merits of the case as between employe and employer, time to form its opinion upon an impartial statement of the merits, and opportunity to consider all practicable means of conciliation or arbitration."
1,25,C:/Users/rfranzo/Desktop/December 05 1916.txt,opportunity,consider,means,False,,,,,"It is based upon the very different principle that the concerted action of powerful bodies of men shall not be permitted to stop the industrial processes of the nation, at any rate before the nation shall have had an opportunity to acquaint itself with the merits of the case as between employe and employer, time to form its opinion upon an impartial statement of the merits, and opportunity to consider all practicable means of conciliation or arbitration."
1,25,C:/Users/rfranzo/Desktop/December 05 1916.txt,Someone?,form,opinion,False,,,,,"It is based upon the very different principle that the concerted action of powerful bodies of men shall not be permitted to stop the industrial processes of the nation, at any rate before the nation shall have had an opportunity to acquaint itself with the merits of the case as between employe and employer, time to form its opinion upon an impartial statement of the merits, and opportunity to consider all practicable means of conciliation or arbitration."
1,26,C:/Users/rfranzo/Desktop/December 05 1916.txt,I,see,nothing,False,,,,,I can see nothing in that proposition but the justifiable safeguarding by society of the necessary processes of its very life.
1,27,C:/Users/rfranzo/Desktop/December 05 1916.txt,nothing,is in,it,False,,,,,There is nothing arbitrary or unjust in it unless it be arbitrarily and unjustly done.
1,28,C:/Users/rfranzo/Desktop/December 05 1916.txt,Someone?,done,It,False,,,,,It can and should be done with a full and scrupulous regard for the interests and liberties of all concerned as well as for the permanent interests of society itself.
1,29,C:/Users/rfranzo/Desktop/December 05 1916.txt,matters,await,action,False,Porto,,now present,PRESENT_REF PRESENT_REF,"Three matters of capital importance await the action of the Senate which have already been acted upon by the House of Representatives; the bill which seeks to extend greater freedom of combination to those engaged in promoting the foreign commerce of the country than is now thought by some to be legal under the terms of the laws against monopoly; the bill amending the present organic law of Porto Rico; and the bill proposing a more thorough and systematic regulation of the expenditure of money in elections, commonly called the Corrupt Practices Act."
1,29,C:/Users/rfranzo/Desktop/December 05 1916.txt,bill,called,Act,False,Porto,,now present,PRESENT_REF PRESENT_REF,"Three matters of capital importance await the action of the Senate which have already been acted upon by the House of Representatives; the bill which seeks to extend greater freedom of combination to those engaged in promoting the foreign commerce of the country than is now thought by some to be legal under the terms of the laws against monopoly; the bill amending the present organic law of Porto Rico; and the bill proposing a more thorough and systematic regulation of the expenditure of money in elections, commonly called the Corrupt Practices Act."
1,29,C:/Users/rfranzo/Desktop/December 05 1916.txt,House,acted,action,False,Porto,,now present,PRESENT_REF PRESENT_REF,"Three matters of capital importance await the action of the Senate which have already been acted upon by the House of Representatives; the bill which seeks to extend greater freedom of combination to those engaged in promoting the foreign commerce of the country than is now thought by some to be legal under the terms of the laws against monopoly; the bill amending the present organic law of Porto Rico; and the bill proposing a more thorough and systematic regulation of the expenditure of money in elections, commonly called the Corrupt Practices Act."
1,29,C:/Users/rfranzo/Desktop/December 05 1916.txt,seeks,extend,bill,False,Porto,,now present,PRESENT_REF PRESENT_REF,"Three matters of capital importance await the action of the Senate which have already been acted upon by the House of Representatives; the bill which seeks to extend greater freedom of combination to those engaged in promoting the foreign commerce of the country than is now thought by some to be legal under the terms of the laws against monopoly; the bill amending the present organic law of Porto Rico; and the bill proposing a more thorough and systematic regulation of the expenditure of money in elections, commonly called the Corrupt Practices Act."
1,29,C:/Users/rfranzo/Desktop/December 05 1916.txt,those,engaged in,promoting,False,Porto,,now present,PRESENT_REF PRESENT_REF,"Three matters of capital importance await the action of the Senate which have already been acted upon by the House of Representatives; the bill which seeks to extend greater freedom of combination to those engaged in promoting the foreign commerce of the country than is now thought by some to be legal under the terms of the laws against monopoly; the bill amending the present organic law of Porto Rico; and the bill proposing a more thorough and systematic regulation of the expenditure of money in elections, commonly called the Corrupt Practices Act."
1,29,C:/Users/rfranzo/Desktop/December 05 1916.txt,bill,amending,law,False,Porto,,now present,PRESENT_REF PRESENT_REF,"Three matters of capital importance await the action of the Senate which have already been acted upon by the House of Representatives; the bill which seeks to extend greater freedom of combination to those engaged in promoting the foreign commerce of the country than is now thought by some to be legal under the terms of the laws against monopoly; the bill amending the present organic law of Porto Rico; and the bill proposing a more thorough and systematic regulation of the expenditure of money in elections, commonly called the Corrupt Practices Act."
1,29,C:/Users/rfranzo/Desktop/December 05 1916.txt,bill,proposing,regulation,False,Porto,,now present,PRESENT_REF PRESENT_REF,"Three matters of capital importance await the action of the Senate which have already been acted upon by the House of Representatives; the bill which seeks to extend greater freedom of combination to those engaged in promoting the foreign commerce of the country than is now thought by some to be legal under the terms of the laws against monopoly; the bill amending the present organic law of Porto Rico; and the bill proposing a more thorough and systematic regulation of the expenditure of money in elections, commonly called the Corrupt Practices Act."
1,30,C:/Users/rfranzo/Desktop/December 05 1916.txt,I,need,,False,,,,,I need not labor my advice that these measures be enacted into law.
1,30,C:/Users/rfranzo/Desktop/December 05 1916.txt,Someone?,enacted,measures,False,,,,,I need not labor my advice that these measures be enacted into law.
1,31,C:/Users/rfranzo/Desktop/December 05 1916.txt,urgency,lies in,circumstances,False,,,,,Their urgency lies in the manifest circumstances which render their adoption at this time not only opportune but necessary.
1,31,C:/Users/rfranzo/Desktop/December 05 1916.txt,circumstances,render,adoption,True,,,,,Their urgency lies in the manifest circumstances which render their adoption at this time not only opportune but necessary.
1,32,C:/Users/rfranzo/Desktop/December 05 1916.txt,delay,jeopard,interests,False,,,,,Even delay would seriously jeopard the interests of the country and of the Government.
1,33,C:/Users/rfranzo/Desktop/December 05 1916.txt,passage,regulate,expenditure,False,,,present present,PRESENT_REF PRESENT_REF,"Immediate passage of the bill to regulate the expenditure of money in elections may seem to be less necessary than the immediate enactment of the other measures to which I refer, because at least two years will elapse before another election in which Federal offices are to be filled; but it would greatly relieve the public mind if this important matter were dealt with while the circumstances and the dangers to the public morals of the present method of obtaining and spending campaign funds stand clear under recent observation, and the methods of expenditure can be frankly studied in the light of present experience; and a delay would have the further very serious disadvantage of postponing action until another election was at hand and some special object connected with it might be thought to be in the mind of those who urged it."
1,33,C:/Users/rfranzo/Desktop/December 05 1916.txt,I,refer to,measures,False,,,present present,PRESENT_REF PRESENT_REF,"Immediate passage of the bill to regulate the expenditure of money in elections may seem to be less necessary than the immediate enactment of the other measures to which I refer, because at least two years will elapse before another election in which Federal offices are to be filled; but it would greatly relieve the public mind if this important matter were dealt with while the circumstances and the dangers to the public morals of the present method of obtaining and spending campaign funds stand clear under recent observation, and the methods of expenditure can be frankly studied in the light of present experience; and a delay would have the further very serious disadvantage of postponing action until another election was at hand and some special object connected with it might be thought to be in the mind of those who urged it."
1,33,C:/Users/rfranzo/Desktop/December 05 1916.txt,years,elapse before,election,True,,,present present,PRESENT_REF PRESENT_REF,"Immediate passage of the bill to regulate the expenditure of money in elections may seem to be less necessary than the immediate enactment of the other measures to which I refer, because at least two years will elapse before another election in which Federal offices are to be filled; but it would greatly relieve the public mind if this important matter were dealt with while the circumstances and the dangers to the public morals of the present method of obtaining and spending campaign funds stand clear under recent observation, and the methods of expenditure can be frankly studied in the light of present experience; and a delay would have the further very serious disadvantage of postponing action until another election was at hand and some special object connected with it might be thought to be in the mind of those who urged it."
1,33,C:/Users/rfranzo/Desktop/December 05 1916.txt,election,filled,offices,False,,,present present,PRESENT_REF PRESENT_REF,"Immediate passage of the bill to regulate the expenditure of money in elections may seem to be less necessary than the immediate enactment of the other measures to which I refer, because at least two years will elapse before another election in which Federal offices are to be filled; but it would greatly relieve the public mind if this important matter were dealt with while the circumstances and the dangers to the public morals of the present method of obtaining and spending campaign funds stand clear under recent observation, and the methods of expenditure can be frankly studied in the light of present experience; and a delay would have the further very serious disadvantage of postponing action until another election was at hand and some special object connected with it might be thought to be in the mind of those who urged it."
1,33,C:/Users/rfranzo/Desktop/December 05 1916.txt,it,relieve,mind,False,,,present present,PRESENT_REF PRESENT_REF,"Immediate passage of the bill to regulate the expenditure of money in elections may seem to be less necessary than the immediate enactment of the other measures to which I refer, because at least two years will elapse before another election in which Federal offices are to be filled; but it would greatly relieve the public mind if this important matter were dealt with while the circumstances and the dangers to the public morals of the present method of obtaining and spending campaign funds stand clear under recent observation, and the methods of expenditure can be frankly studied in the light of present experience; and a delay would have the further very serious disadvantage of postponing action until another election was at hand and some special object connected with it might be thought to be in the mind of those who urged it."
1,33,C:/Users/rfranzo/Desktop/December 05 1916.txt,it,dealt,matter,False,,,present present,PRESENT_REF PRESENT_REF,"Immediate passage of the bill to regulate the expenditure of money in elections may seem to be less necessary than the immediate enactment of the other measures to which I refer, because at least two years will elapse before another election in which Federal offices are to be filled; but it would greatly relieve the public mind if this important matter were dealt with while the circumstances and the dangers to the public morals of the present method of obtaining and spending campaign funds stand clear under recent observation, and the methods of expenditure can be frankly studied in the light of present experience; and a delay would have the further very serious disadvantage of postponing action until another election was at hand and some special object connected with it might be thought to be in the mind of those who urged it."
1,33,C:/Users/rfranzo/Desktop/December 05 1916.txt,it,studied,methods,False,,,present present,PRESENT_REF PRESENT_REF,"Immediate passage of the bill to regulate the expenditure of money in elections may seem to be less necessary than the immediate enactment of the other measures to which I refer, because at least two years will elapse before another election in which Federal offices are to be filled; but it would greatly relieve the public mind if this important matter were dealt with while the circumstances and the dangers to the public morals of the present method of obtaining and spending campaign funds stand clear under recent observation, and the methods of expenditure can be frankly studied in the light of present experience; and a delay would have the further very serious disadvantage of postponing action until another election was at hand and some special object connected with it might be thought to be in the mind of those who urged it."
1,33,C:/Users/rfranzo/Desktop/December 05 1916.txt,delay,have,disadvantage,False,,,present present,PRESENT_REF PRESENT_REF,"Immediate passage of the bill to regulate the expenditure of money in elections may seem to be less necessary than the immediate enactment of the other measures to which I refer, because at least two years will elapse before another election in which Federal offices are to be filled; but it would greatly relieve the public mind if this important matter were dealt with while the circumstances and the dangers to the public morals of the present method of obtaining and spending campaign funds stand clear under recent observation, and the methods of expenditure can be frankly studied in the light of present experience; and a delay would have the further very serious disadvantage of postponing action until another election was at hand and some special object connected with it might be thought to be in the mind of those who urged it."
1,33,C:/Users/rfranzo/Desktop/December 05 1916.txt,object,connected with,it,False,,,present present,PRESENT_REF PRESENT_REF,"Immediate passage of the bill to regulate the expenditure of money in elections may seem to be less necessary than the immediate enactment of the other measures to which I refer, because at least two years will elapse before another election in which Federal offices are to be filled; but it would greatly relieve the public mind if this important matter were dealt with while the circumstances and the dangers to the public morals of the present method of obtaining and spending campaign funds stand clear under recent observation, and the methods of expenditure can be frankly studied in the light of present experience; and a delay would have the further very serious disadvantage of postponing action until another election was at hand and some special object connected with it might be thought to be in the mind of those who urged it."
1,33,C:/Users/rfranzo/Desktop/December 05 1916.txt,those,urged,it,False,,,present present,PRESENT_REF PRESENT_REF,"Immediate passage of the bill to regulate the expenditure of money in elections may seem to be less necessary than the immediate enactment of the other measures to which I refer, because at least two years will elapse before another election in which Federal offices are to be filled; but it would greatly relieve the public mind if this important matter were dealt with while the circumstances and the dangers to the public morals of the present method of obtaining and spending campaign funds stand clear under recent observation, and the methods of expenditure can be frankly studied in the light of present experience; and a delay would have the further very serious disadvantage of postponing action until another election was at hand and some special object connected with it might be thought to be in the mind of those who urged it."
1,34,C:/Users/rfranzo/Desktop/December 05 1916.txt,Someone?,taken,Action,True,,,now,PRESENT_REF,Action can be taken now with facts for guidance and without suspicion of partisan purpose.
1,35,C:/Users/rfranzo/Desktop/December 05 1916.txt,I,argue,desirability,True,,,,,I shall not argue at length the desirability of giving a freer hand in the matter of combined and concerted effort to those who shall undertake the essential enterprise of building up our export trade.
1,35,C:/Users/rfranzo/Desktop/December 05 1916.txt,Someone?,giving,hand,False,,,,,I shall not argue at length the desirability of giving a freer hand in the matter of combined and concerted effort to those who shall undertake the essential enterprise of building up our export trade.
1,35,C:/Users/rfranzo/Desktop/December 05 1916.txt,those,undertake,enterprise,False,,,,,I shall not argue at length the desirability of giving a freer hand in the matter of combined and concerted effort to those who shall undertake the essential enterprise of building up our export trade.
1,35,C:/Users/rfranzo/Desktop/December 05 1916.txt,Someone?,building up,trade,False,,,,,I shall not argue at length the desirability of giving a freer hand in the matter of combined and concerted effort to those who shall undertake the essential enterprise of building up our export trade.
1,36,C:/Users/rfranzo/Desktop/December 05 1916.txt,enterprise,assume,,False,,,,,"That enterprise will presently, will immediately assume, has indeed already assumed a magnitude unprecedented in our experience."
1,36,C:/Users/rfranzo/Desktop/December 05 1916.txt,Someone?,assumed,magnitude,False,,,,,"That enterprise will presently, will immediately assume, has indeed already assumed a magnitude unprecedented in our experience."
1,37,C:/Users/rfranzo/Desktop/December 05 1916.txt,We,have ,instrumentalities,True,,,present,PRESENT_REF,We have not the necessary instrumentalities for its prosecution; it is deemed to be doubtful whether they could be created upon an adequate scale under our present laws.
1,37,C:/Users/rfranzo/Desktop/December 05 1916.txt,Someone?,deemed,it,False,,,present,PRESENT_REF,We have not the necessary instrumentalities for its prosecution; it is deemed to be doubtful whether they could be created upon an adequate scale under our present laws.
1,37,C:/Users/rfranzo/Desktop/December 05 1916.txt,Someone?,created,they,False,,,present,PRESENT_REF,We have not the necessary instrumentalities for its prosecution; it is deemed to be doubtful whether they could be created upon an adequate scale under our present laws.
1,38,C:/Users/rfranzo/Desktop/December 05 1916.txt,We,clear,obstacles,False,,,,,We should clear away all legal obstacles and create a basis of undoubted law for it which will give freedom without permitting unregulated license.
1,38,C:/Users/rfranzo/Desktop/December 05 1916.txt,We,create,basis,False,,,,,We should clear away all legal obstacles and create a basis of undoubted law for it which will give freedom without permitting unregulated license.
1,38,C:/Users/rfranzo/Desktop/December 05 1916.txt,basis,give,freedom,False,,,,,We should clear away all legal obstacles and create a basis of undoubted law for it which will give freedom without permitting unregulated license.
1,38,C:/Users/rfranzo/Desktop/December 05 1916.txt,basis,permitting,license,False,,,,,We should clear away all legal obstacles and create a basis of undoubted law for it which will give freedom without permitting unregulated license.
1,39,C:/Users/rfranzo/Desktop/December 05 1916.txt,Someone?,done,thing,True,,,now,PRESENT_REF,"The thing must be done now, because the opportunity is here and may escape us if we hesitate or delay."
1,39,C:/Users/rfranzo/Desktop/December 05 1916.txt,opportunity,is,,False,,,now,PRESENT_REF,"The thing must be done now, because the opportunity is here and may escape us if we hesitate or delay."
1,39,C:/Users/rfranzo/Desktop/December 05 1916.txt,opportunity,escape,us,False,,,now,PRESENT_REF,"The thing must be done now, because the opportunity is here and may escape us if we hesitate or delay."
1,39,C:/Users/rfranzo/Desktop/December 05 1916.txt,opportunity,escape,us,False,,,now,PRESENT_REF,"The thing must be done now, because the opportunity is here and may escape us if we hesitate or delay."
1,39,C:/Users/rfranzo/Desktop/December 05 1916.txt,we,hesitate,,False,,,now,PRESENT_REF,"The thing must be done now, because the opportunity is here and may escape us if we hesitate or delay."
1,41,C:/Users/rfranzo/Desktop/December 05 1916.txt,Someone?,governing,island,False,,,present,PRESENT_REF,The present laws governing the island and regulating the rights and privileges of its people are not just.
1,41,C:/Users/rfranzo/Desktop/December 05 1916.txt,Someone?,regulating,rights and privileges,False,,,present,PRESENT_REF,The present laws governing the island and regulating the rights and privileges of its people are not just.
1,42,C:/Users/rfranzo/Desktop/December 05 1916.txt,We,created,expectations,False,,,,,We have created expectations of extended privilege which we have not satisfied.
1,43,C:/Users/rfranzo/Desktop/December 05 1916.txt,uneasiness and doubt,is,,False,,,,,There is uneasiness among the people of the island and even a suspicious doubt with regard to our intentions concerning them which the adoption of the pending measure would happily remove.
1,43,C:/Users/rfranzo/Desktop/December 05 1916.txt,intentions,concerning,them,False,,,,,There is uneasiness among the people of the island and even a suspicious doubt with regard to our intentions concerning them which the adoption of the pending measure would happily remove.
1,43,C:/Users/rfranzo/Desktop/December 05 1916.txt,adoption,remove,intentions,False,,,,,There is uneasiness among the people of the island and even a suspicious doubt with regard to our intentions concerning them which the adoption of the pending measure would happily remove.
1,44,C:/Users/rfranzo/Desktop/December 05 1916.txt,We,doubt,,True,,,,,We do not doubt what we wish to do in any essential particular.
1,44,C:/Users/rfranzo/Desktop/December 05 1916.txt,we,wish,what,False,,,,,We do not doubt what we wish to do in any essential particular.
1,44,C:/Users/rfranzo/Desktop/December 05 1916.txt,Someone?,do in,particular,False,,,,,We do not doubt what we wish to do in any essential particular.
1,45,C:/Users/rfranzo/Desktop/December 05 1916.txt,Someone?,do,it,False,,,once,PAST_REF,We ought to do it at once.
1,46,C:/Users/rfranzo/Desktop/December 05 1916.txt,Senate,passed,bill,False,,,,,"At the last session of the Congress a bill was passed by the Senate which provides for the promotion of vocational and industrial education, which is of vital importance to the whole country because it concerns a matter, too long neglected, upon which the thorough industrial preparation of the country for the critical years of economic development immediately ahead of us in very large measure depends."
1,46,C:/Users/rfranzo/Desktop/December 05 1916.txt,which,provides for,promotion,False,,,,,"At the last session of the Congress a bill was passed by the Senate which provides for the promotion of vocational and industrial education, which is of vital importance to the whole country because it concerns a matter, too long neglected, upon which the thorough industrial preparation of the country for the critical years of economic development immediately ahead of us in very large measure depends."
1,46,C:/Users/rfranzo/Desktop/December 05 1916.txt,preparation,depends upon,which,False,,,,,"At the last session of the Congress a bill was passed by the Senate which provides for the promotion of vocational and industrial education, which is of vital importance to the whole country because it concerns a matter, too long neglected, upon which the thorough industrial preparation of the country for the critical years of economic development immediately ahead of us in very large measure depends."
1,47,C:/Users/rfranzo/Desktop/December 05 1916.txt,I,urge,consideration,True,,,,,May I not urge its early and favorable consideration by the House of Representatives and its early enactment into law?
1,48,C:/Users/rfranzo/Desktop/December 05 1916.txt,It,contains,plans,False,,,now,PRESENT_REF,"It contains plans which affect all interests and all parts of the country, and I am sure that there is no legislation now pending before the Congress whose passage the country awaits with more thoughtful approval or greater impatience to see a great and admirable thing set in the way of being done."
1,48,C:/Users/rfranzo/Desktop/December 05 1916.txt,I,sure,plans,False,,,now,PRESENT_REF,"It contains plans which affect all interests and all parts of the country, and I am sure that there is no legislation now pending before the Congress whose passage the country awaits with more thoughtful approval or greater impatience to see a great and admirable thing set in the way of being done."
1,48,C:/Users/rfranzo/Desktop/December 05 1916.txt,plans,affect,interests and parts,False,,,now,PRESENT_REF,"It contains plans which affect all interests and all parts of the country, and I am sure that there is no legislation now pending before the Congress whose passage the country awaits with more thoughtful approval or greater impatience to see a great and admirable thing set in the way of being done."
1,48,C:/Users/rfranzo/Desktop/December 05 1916.txt,legislation,is,,True,,,now,PRESENT_REF,"It contains plans which affect all interests and all parts of the country, and I am sure that there is no legislation now pending before the Congress whose passage the country awaits with more thoughtful approval or greater impatience to see a great and admirable thing set in the way of being done."
1,48,C:/Users/rfranzo/Desktop/December 05 1916.txt,legislation,pending before,Congress,True,,,now,PRESENT_REF,"It contains plans which affect all interests and all parts of the country, and I am sure that there is no legislation now pending before the Congress whose passage the country awaits with more thoughtful approval or greater impatience to see a great and admirable thing set in the way of being done."
1,48,C:/Users/rfranzo/Desktop/December 05 1916.txt,country,awaits,passage,False,,,now,PRESENT_REF,"It contains plans which affect all interests and all parts of the country, and I am sure that there is no legislation now pending before the Congress whose passage the country awaits with more thoughtful approval or greater impatience to see a great and admirable thing set in the way of being done."
1,48,C:/Users/rfranzo/Desktop/December 05 1916.txt,thing,set in,way,False,,,now,PRESENT_REF,"It contains plans which affect all interests and all parts of the country, and I am sure that there is no legislation now pending before the Congress whose passage the country awaits with more thoughtful approval or greater impatience to see a great and admirable thing set in the way of being done."
1,49,C:/Users/rfranzo/Desktop/December 05 1916.txt,matters,advanced to,stage,False,,,,,There are other matters already advanced to the stage of conference between the two houses of which it is not necessary that I should speak.
1,49,C:/Users/rfranzo/Desktop/December 05 1916.txt,I,speak,,False,,,,,There are other matters already advanced to the stage of conference between the two houses of which it is not necessary that I should speak.
1,50,C:/Users/rfranzo/Desktop/December 05 1916.txt,agreement,concerning,them,False,,,,,Some practicable basis of agreement concerning them will no doubt be found an action taken upon them.
1,50,C:/Users/rfranzo/Desktop/December 05 1916.txt,Someone?,found,basis,True,,,,,Some practicable basis of agreement concerning them will no doubt be found an action taken upon them.
1,50,C:/Users/rfranzo/Desktop/December 05 1916.txt,action,taken upon,them,False,,,,,Some practicable basis of agreement concerning them will no doubt be found an action taken upon them.
1,51,C:/Users/rfranzo/Desktop/December 05 1916.txt,I,have,,False,,,,,"Inasmuch as this is, gentlemen, probably the last occasion I shall have to address the Sixty- fourth Congress, I hope that you will permit me to say with what genuine pleasure and satisfaction I have co-operated with you in the many measures of constructive policy with which you have enriched the legislative annals of the country."
1,51,C:/Users/rfranzo/Desktop/December 05 1916.txt,Someone?,address,Congress,False,,,,,"Inasmuch as this is, gentlemen, probably the last occasion I shall have to address the Sixty- fourth Congress, I hope that you will permit me to say with what genuine pleasure and satisfaction I have co-operated with you in the many measures of constructive policy with which you have enriched the legislative annals of the country."
1,51,C:/Users/rfranzo/Desktop/December 05 1916.txt,I,hope,,False,,,,,"Inasmuch as this is, gentlemen, probably the last occasion I shall have to address the Sixty- fourth Congress, I hope that you will permit me to say with what genuine pleasure and satisfaction I have co-operated with you in the many measures of constructive policy with which you have enriched the legislative annals of the country."
1,51,C:/Users/rfranzo/Desktop/December 05 1916.txt,you,permit,me,False,,,,,"Inasmuch as this is, gentlemen, probably the last occasion I shall have to address the Sixty- fourth Congress, I hope that you will permit me to say with what genuine pleasure and satisfaction I have co-operated with you in the many measures of constructive policy with which you have enriched the legislative annals of the country."
1,51,C:/Users/rfranzo/Desktop/December 05 1916.txt,I,co-operated,,False,,,,,"Inasmuch as this is, gentlemen, probably the last occasion I shall have to address the Sixty- fourth Congress, I hope that you will permit me to say with what genuine pleasure and satisfaction I have co-operated with you in the many measures of constructive policy with which you have enriched the legislative annals of the country."
1,51,C:/Users/rfranzo/Desktop/December 05 1916.txt,you,enriched,annals,False,,,,,"Inasmuch as this is, gentlemen, probably the last occasion I shall have to address the Sixty- fourth Congress, I hope that you will permit me to say with what genuine pleasure and satisfaction I have co-operated with you in the many measures of constructive policy with which you have enriched the legislative annals of the country."
1,52,C:/Users/rfranzo/Desktop/December 05 1916.txt,It,has been ,privilege,False,,,,,It has been a privilege to labor in such company.
1,53,C:/Users/rfranzo/Desktop/December 05 1916.txt,I,take,liberty,False,,,,,I take the liberty of congratulating you upon the completion of a record of rare serviceableness and distinction.
1,53,C:/Users/rfranzo/Desktop/December 05 1916.txt,Someone?,congratulating,you,False,,,,,I take the liberty of congratulating you upon the completion of a record of rare serviceableness and distinction.
